prior_weight,roc_auc,brier
5,0.7814,0.13572
10,0.78121,0.13579
15,0.78168,0.13562
20,0.78116,0.13582
30,0.78109,0.13589
50,0.78144,0.13568
100,0.78112,0.13588
