{
  "results": [
    {
      "target": "hr",
      "weights": [
        7.605427721909964,
        6.19221664972387,
        6.017149385970655,
        5.708945241914681,
        6.339933283226159,
        1.0958331626050697
      ],
      "intercept": -4.775158526512356,
      "stack_brier": 0.02959288856169429,
      "stack_auc": 0.7219750480487346,
      "best_member": {
        "name": "beast",
        "brier": 0.029586594537331198
      },
      "member_metrics": {
        "beast": {
          "brier": 0.029586594537331198,
          "auc": 0.7262441386074087
        },
        "exp": {
          "brier": 0.029666770711325296,
          "auc": 0.7077853297323395
        },
        "prod": {
          "brier": 0.029680419444434034,
          "auc": 0.7052020446645487
        },
        "recency": {
          "brier": 0.029690517372234732,
          "auc": 0.7063393989485234
        },
        "recent365": {
          "brier": 0.029665135853363635,
          "auc": 0.7070684543412286
        },
        "lr_interactions": {
          "brier": 0.030049813563580278,
          "auc": 0.5935016147225627
        }
      },
      "brier_diff_vs_best": 6.294024363221557e-06,
      "brier_diff_ci": [
        -4.8485319255390984e-05,
        5.67480321388101e-05
      ],
      "ships": false
    },
    {
      "target": "hit",
      "weights": [
        3.6321423281855756,
        0.6511474515988469,
        0.2492578100472618,
        0.20780041436969232,
        2.354438393193477,
        0.07533198937922948
      ],
      "intercept": -3.012679070156144,
      "stack_brier": 0.16116241035923518,
      "stack_auc": 0.6610838929665424,
      "best_member": {
        "name": "beast",
        "brier": 0.16123766410804016
      },
      "member_metrics": {
        "beast": {
          "brier": 0.16123766410804016,
          "auc": 0.6593816857568815
        },
        "exp": {
          "brier": 0.16187348385353997,
          "auc": 0.6524633158960835
        },
        "prod": {
          "brier": 0.16197586948786435,
          "auc": 0.6515260152964256
        },
        "recency": {
          "brier": 0.16211380345928264,
          "auc": 0.6521123439848049
        },
        "recent365": {
          "brier": 0.16163188764579375,
          "auc": 0.6562537066053798
        },
        "lr_interactions": {
          "brier": 0.1699395196831723,
          "auc": 0.5290011792582358
        }
      },
      "brier_diff_vs_best": -7.525374880498418e-05,
      "brier_diff_ci": [
        -0.00022572974516738413,
        6.0113631302501484e-05
      ],
      "ships": false
    },
    {
      "target": "xbh",
      "weights": [
        3.5737606423408232,
        3.127280722202099,
        3.0612687689673073,
        3.010774463467549,
        2.8209849637946656,
        -0.05033546990035451
      ],
      "intercept": -3.9567264440642482,
      "stack_brier": 0.06899319239153028,
      "stack_auc": 0.6759236754483248,
      "best_member": {
        "name": "beast",
        "brier": 0.0689733306802607
      },
      "member_metrics": {
        "beast": {
          "brier": 0.0689733306802607,
          "auc": 0.677636796095294
        },
        "exp": {
          "brier": 0.06912054649810226,
          "auc": 0.6683354819120502
        },
        "prod": {
          "brier": 0.06909277661146271,
          "auc": 0.6693181183504748
        },
        "recency": {
          "brier": 0.0690753424800634,
          "auc": 0.6686334598230858
        },
        "recent365": {
          "brier": 0.06913489748096424,
          "auc": 0.6672266443561901
        },
        "lr_interactions": {
          "brier": 0.07067639642660477,
          "auc": 0.5480426623282871
        }
      },
      "brier_diff_vs_best": 1.9861711269789253e-05,
      "brier_diff_ci": [
        -7.645769249390069e-05,
        0.00012356969709535946
      ],
      "ships": false
    }
  ],
  "members": [
    "beast",
    "exp",
    "prod",
    "recency",
    "recent365",
    "lr_interactions"
  ]
}